<?xml version="1.0" encoding="UTF-8"?>
<project-private xmlns="http://www.netbeans.org/ns/project-private/1">
    <editor-bookmarks xmlns="http://www.netbeans.org/ns/editor-bookmarks/2" lastBookmarkId="0"/>
    <open-files xmlns="http://www.netbeans.org/ns/projectui-open-files/2">
        <group>
            <file>file:/C:/Users/victo/Documents/NetBeansProjects/TokenA3/src/main/java/token/DAO.java</file>
            <file>file:/C:/Users/victo/Documents/NetBeansProjects/TokenA3/src/main/java/token/TipoAtendimento.java</file>
            <file>file:/C:/Users/victo/Documents/NetBeansProjects/TokenA3/src/main/java/token/Paciente.java</file>
            <file>file:/C:/Users/victo/Documents/NetBeansProjects/TokenA3/src/main/java/token/LoginTela.java</file>
            <file>file:/C:/Users/victo/Documents/NetBeansProjects/TokenA3/src/main/java/token/Cadastro.java</file>
            <file>file:/C:/Users/victo/Documents/NetBeansProjects/TokenA3/src/main/java/token/ConexaoDB.java</file>
            <file>file:/C:/Users/victo/Documents/NetBeansProjects/TokenA3/src/main/java/token/Usuario.java</file>
        </group>
    </open-files>
</project-private>
